{
  "results": [
    {
      "command": "rm -f fifo logs mat.log && mkfifo fifo && time build/bin/learner 3 3 < fifo | HEIGHT=3 WIDTH=3 RANDOM_SEED=123 python mat/advanced12iq/main.py 2>mat.errlogs > fifo || echo \"Done\"",
      "mean": 16.99532507312,
      "stddev": 0.4205483344228799,
      "median": 16.95599296222,
      "user": 11.432702179999998,
      "system": 11.5002058,
      "min": 16.41579386072,
      "max": 17.75781918872,
      "times": [
        16.998614499720002,
        16.87325630072,
        16.41579386072,
        16.55044603372,
        17.36747544072,
        17.75781918872,
        16.91337142472,
        17.017185738720002,
        16.63365190772,
        17.42563633572
      ],
      "exit_codes": [
        0,
        0,
        0,
        0,
        0,
        0,
        0,
        0,
        0,
        0
      ]
    }
  ]
}
